Experience,Age,Predicted_Salary
2,25,0.516678344565319
5,30,0.5188874572802932
10,35,0.5147823855025175
12,40,0.5201485904638665
15,45,0.5223577031788406
